1,"""shepherdholly""","""Kim""","""Clark""",58,5/4/23,7/19/77,1,1,"""markhicks@example.org""",2,"""Discuss head theory computer several threat. Right age election which race between. About mouth take age learn.
Whom about edge future.""","""Female"""
2,"""stevecastillo""","""Chloe""","""Campbell""",32,5/3/23,7/30/63,3,0,"""fshepherd@example.net""",1,"""As standard decide result include. Data ok center red machine.
Brother majority attention firm.""","""Female"""
3,"""tracy20""","""Kaylee""","""Jones""",55,4/24/23,7/15/70,1,0,"""rothchristopher@example.net""",1,"""Mouth their wish report simply. Take reach anything tough test. Among guess mission seven bank who.
Often season school will true. Another Republican test. Those note save white speak health.""","""Male"""
4,"""andersonsean""","""Amber""","""Green""",31,4/30/23,3/13/68,3,0,"""judymatthews@example.net""",2,"""During family next letter realize. Imagine treat visit rest everything. Attention until hundred low floor agent. Tend determine window current individual it short.""","""Female"""
5,"""wperry""","""Connor""","""Morgan""",63,4/17/23,6/15/57,3,1,"""holtmelissa@example.net""",2,"""Stuff down positive suffer she American street its. City firm level remain card glass control radio.""","""Male"""
6,"""danielle95""","""Willie""","""Kerr""",46,4/19/23,4/22/66,2,0,"""daybrandy@example.net""",2,"""Sound couple anything let keep white two. Half head one view half night. Write half civil.""","""Female"""
7,"""jenniferberry""","""Richard""","""Bradley""",62,4/24/23,1/25/04,2,1,"""zmullen@example.net""",2,"""Agreement including project hit perhaps. Authority threat list movie medical role every. Tough way benefit size major response discover.""","""Male"""
8,"""danielmiller""","""Amber""","""Hernandez""",31,4/13/23,12/22/59,2,0,"""kevin82@example.net""",1,"""Clearly factor might identify board rather. Without town rock community some various. Person risk art.
Name again per. Rich fire travel necessary. Them true miss happy reality economy make option.""","""Female"""
9,"""jimmy97""","""Christopher""","""Krueger""",42,5/4/23,8/14/90,2,1,"""xcole@example.org""",3,"""In lead oil discuss radio themselves. Cold none prove. Population trade stay trade part develop nice.
Catch age party find culture general firm. General entire throw safe hand miss.""","""Male"""
10,"""michaelwright""","""Tracy""","""Montes""",20,4/14/23,3/2/89,2,0,"""cynthia67@example.org""",4,"""Fire support travel remember. Order despite woman value join.
Adult person go energy week once. Identify crime party guess.""","""Male"""
11,"""meyermichael""","""Michael""","""Garcia""",23,4/20/23,1/21/62,2,1,"""dwilliams@example.org""",2,"""Fire year structure address hot news power. Outside where early each guy doctor western.""","""Male"""
12,"""jonathanbarnett""","""Ronald""","""Mayo""",63,5/5/23,12/3/71,1,0,"""richard04@example.com""",3,"""Tell ahead central building. After ago prevent manager might let sea. Industry choice view.""","""Female"""
13,"""jessicawalsh""","""Michael""","""Moore""",23,4/10/23,2/8/73,1,0,"""adamsbrian@example.net""",4,"""Take price white woman meet fine. Capital power policy example.
Group western can appear bill radio.
Summer employee many subject enjoy.""","""Male"""
14,"""martinezryan""","""Sean""","""Turner""",35,4/23/23,12/1/95,3,1,"""jeremymoreno@example.com""",2,"""Lay save build avoid situation dog only special. Seven heart remain specific kid floor world.
Throw indicate his group modern fire.""","""Male"""
15,"""pgilbert""","""Kenneth""","""Roberts""",41,4/26/23,6/10/76,1,1,"""johnmarshall@example.com""",1,"""Growth water prepare same enough budget western. Claim simply public society audience improve letter. Tough article story three.""","""Male"""
16,"""adamnunez""","""Tina""","""Mendoza""",56,4/17/23,12/1/87,1,0,"""laurapatel@example.net""",2,"""Tough agree when daughter recognize. Charge recently serve mother sister.""","""Female"""
17,"""gpeterson""","""Ashley""","""Anderson""",47,4/25/23,8/9/61,2,0,"""brownalejandro@example.org""",3,"""Attorney some save thousand kind common. Protect lose tonight upon message upon.""","""Female"""
18,"""humphreyholly""","""Shannon""","""Cortez""",21,4/30/23,11/10/64,1,1,"""whitemichael@example.org""",4,"""Out purpose space hope time. Contain prevent north.
Run simple last five unit money yard miss. But home argue whatever pick. Party manager team discover image.""","""Female"""
19,"""kevinsmith""","""Brandon""","""Howe""",35,5/5/23,10/6/86,1,1,"""rebecca64@example.com""",2,"""Change under continue region court national. Common leg term one.
Government coach or up we.
Story state hundred decision in civil management. Blood history should federal who majority.""","""Male"""
20,"""barbarasnyder""","""Matthew""","""Smith""",59,4/22/23,8/8/60,2,1,"""jonathanshaw@example.com""",2,"""Imagine which second religious day couple.
Me source service compare consider reason eat.
Star its population let affect. Again how stage wear. Country couple view event tough out practice foreign.""","""Female"""
21,"""adamwallace""","""Keith""","""Salas""",34,5/3/23,12/22/60,1,1,"""davidpatterson@example.org""",4,"""Win per prove year wonder. Memory party above. System live they.
Perhaps explain lose different effect structure million board. Prevent radio military write.""","""Male"""
22,"""blakekyle""","""Tyler""","""Mccullough""",55,4/25/23,2/5/60,2,0,"""wilsonmatthew@example.com""",2,"""Continue tell certainly pressure. Up trip want thank adult level. Wrong want skill morning how establish author.""","""Female"""
23,"""vadams""","""Amy""","""Lopez""",50,4/22/23,8/27/59,1,0,"""hendersonsarah@example.com""",1,"""Piece game culture conference for set Republican. Water old left character view young rule.""","""Female"""
24,"""michaelwilliams""","""Robert""","""Buchanan""",27,4/17/23,2/10/61,1,1,"""ronald39@example.com""",1,"""Account medical create likely visit party personal light. Claim company environment security same even audience.
Table along baby. Suffer size performance whose specific.""","""Female"""
25,"""imoore""","""Jessica""","""Patton""",42,4/25/23,2/15/64,3,1,"""rebecca71@example.com""",3,"""White finally small fact. Fire dream agreement common marriage. From lose report style sister.
Hear cause late. Let best cause maybe news medical once. Though me red draw religious floor sure these.""","""Male"""
26,"""vgibson""","""Julie""","""Burgess""",53,4/10/23,12/4/90,1,0,"""mcoleman@example.com""",3,"""Pick follow bar nature. Success choose never performance see activity treat. Partner challenge upon pressure so do draw.""","""Female"""
27,"""richardgomez""","""Matthew""","""Williams""",59,4/27/23,3/30/87,1,1,"""williamlittle@example.com""",4,"""Bar because customer peace its together our. Crime actually mouth. Its star grow rate able.
Red decision enjoy fire number necessary. Miss consider one ask face.""","""Female"""
28,"""pfarrell""","""Paul""","""Nichols""",28,4/23/23,2/3/89,1,1,"""lydiamoore@example.org""",2,"""Sell across impact thank reflect recent. Building manager perhaps agency night else position.""","""Male"""
29,"""jeremy25""","""Alexander""","""Jimenez""",50,4/8/23,5/27/67,1,1,"""nicholashuerta@example.org""",2,"""Bit simply husband audience billion my food skin. Major benefit performance either fine each happy. Maybe throughout student simply most drug.""","""Male"""
30,"""felicia73""","""April""","""Melton""",27,4/26/23,5/4/74,1,0,"""bperkins@example.org""",3,"""All consider alone pass three give. Court PM court knowledge woman street.""","""Female"""
31,"""jason54""","""Casey""","""Brown""",49,5/7/23,11/15/78,1,1,"""murphyterry@example.net""",3,"""Security budget southern moment bad tend.
Western tax charge. Become school toward peace. Meeting class possible scene.""","""Female"""
32,"""cobbmichaela""","""Matthew""","""Wilcox""",33,5/6/23,4/29/90,1,0,"""amanda92@example.net""",1,"""Heart camera policy per. This side blood white sport right. Store wear another key office cup.""","""Male"""
33,"""pthompson""","""Steven""","""Hernandez""",64,4/22/23,5/13/94,1,0,"""kathryn53@example.org""",2,"""Decide nice lose firm far blue. Interview bring factor language open. Organization throughout store.""","""Female"""
34,"""brian84""","""Christopher""","""Barrera""",60,4/22/23,2/10/82,3,0,"""fnunez@example.org""",3,"""Accept number such bank sing various no. Purpose analysis marriage identify campaign however night. Debate natural data change best.""","""Male"""
35,"""yubrittney""","""Karen""","""Fields""",51,4/10/23,11/14/81,3,1,"""lesliewoods@example.net""",2,"""Man language road often provide really. Maintain program single. Analysis agree book power anything choice. More Republican run level.
House tend add address.""","""Female"""
36,"""erik29""","""Matthew""","""Bennett""",52,4/13/23,12/1/99,3,0,"""leahfowler@example.com""",3,"""Force whether knowledge. City author air soldier final line compare. Kitchen both relate entire per toward.""","""Male"""
37,"""andrew10""","""Manuel""","""Price""",43,4/16/23,11/18/91,3,1,"""john03@example.com""",4,"""Purpose strong certain born foreign debate institution popular. Policy everyone good home turn.""","""Male"""
38,"""taylorshannon""","""Nicole""","""Duncan""",51,4/23/23,6/14/76,1,0,"""wilsonmichael@example.net""",2,"""Apply throw rise. How owner decide product budget third situation. Up clearly hit.
Data stage finally claim war art. Either send arrive performance sea career. Recently street somebody.""","""Female"""
39,"""chadmiller""","""Elizabeth""","""Kramer""",22,4/27/23,9/2/57,1,0,"""lconner@example.org""",2,"""Above offer happen miss east place pull election. Especially think test public. Stop identify me exactly yeah. Despite city success so fear describe.""","""Female"""
40,"""tcarroll""","""Kathleen""","""Graves""",18,5/5/23,2/24/74,3,0,"""ichurch@example.net""",2,"""South father finish respond it continue east. Wish together commercial to give card dream. Eye protect peace official again cost.""","""Female"""
41,"""johnsmith""","""Isabella""","""Jones""",22,4/9/23,6/15/60,1,1,"""sara69@example.org""",1,"""It wait somebody too deep begin. Hear news read subject.""","""Male"""
42,"""caseylisa""","""Kenneth""","""Thompson""",50,4/30/23,11/23/77,2,1,"""qfreeman@example.com""",2,"""Election recent make instead of process nothing. Summer word have have day share forward. Land financial executive approach you ability conference.""","""Male"""
43,"""orichards""","""Jennifer""","""Guerra""",52,5/3/23,12/28/80,3,1,"""hsanchez@example.org""",2,"""Treatment so be at recognize medical area more. Money since its almost production say billion.""","""Female"""
44,"""bianca19""","""Kelsey""","""Yu""",48,4/12/23,1/7/66,2,0,"""laura42@example.net""",1,"""Laugh start situation generation unit. Church maintain measure game stay. Door seem write food.
Recent whatever develop miss team. Blood might bed interest reveal.""","""Female"""
45,"""udavis""","""Eric""","""Contreras""",24,4/16/23,1/15/01,2,1,"""nicholasmoody@example.org""",4,"""War rock onto control. Sport among huge long it arm.
These clear before use likely while fill. Eight there power write quality high face. Goal low their during woman measure.""","""Male"""
46,"""claudiamorrison""","""Brianna""","""Walters""",44,4/23/23,2/26/76,3,0,"""michael18@example.net""",1,"""Tv throw impact board. Professional social task common couple. Line throw treatment I nor past other.
Know while letter read class. Claim girl body high matter push.""","""Male"""
47,"""jacqueline10""","""John""","""Edwards""",21,4/25/23,2/16/04,3,1,"""brownmary@example.net""",1,"""Probably away cover executive other in. Job court or prevent.""","""Male"""
48,"""diana96""","""Marissa""","""Smith""",33,5/1/23,7/28/00,1,1,"""derek81@example.net""",2,"""Or continue explain several finish upon. Whose never seat evidence team time. Yourself blood let up perhaps.""","""Female"""
49,"""curtisgonzales""","""Kelly""","""Bennett""",45,5/2/23,6/1/73,2,1,"""edwinhodge@example.org""",2,"""Husband arm during success. Wear book item thank administration approach. Could campaign material hard.""","""Female"""
50,"""emily53""","""Mandy""","""Chan""",22,4/23/23,12/27/98,3,0,"""lucasjennifer@example.com""",1,"""Behavior election attention region all only time. Person exactly father. Believe close easy card his argue.""","""Female"""
51,"""jamesnguyen""","""Kevin""","""Simmons""",59,4/20/23,8/4/88,1,0,"""xmiller@example.net""",2,"""Various identify way year program the everything camera. Attention less own research.
Garden recognize hear policy each. Stage do threat or. Feel work very candidate city something which.""","""Female"""
52,"""kennethsmith""","""Stephanie""","""Bond""",28,4/24/23,9/4/65,2,1,"""iharrison@example.com""",2,"""Center two hotel choose increase including.
Next option camera so hotel each church. Once sport daughter close like.""","""Female"""
53,"""morganking""","""Michael""","""Cervantes""",43,4/9/23,11/12/71,1,0,"""gregoryunderwood@example.com""",4,"""Moment person game skill. Detail analysis one performance change. Way accept must year dinner cost medical.
Brother economic newspaper wind economy watch. Meeting kid TV. Wonder plant wish through.""","""Female"""
54,"""christina83""","""Shawn""","""Thomas""",18,4/25/23,3/6/82,2,1,"""debbie04@example.com""",3,"""Participant none point agency drive reason actually former. Attack improve effort house organization paper ago.
Pm professional machine black focus sign education.""","""Female"""
55,"""bsimpson""","""Joseph""","""Ramos""",45,4/15/23,11/26/04,3,1,"""wayneanderson@example.net""",2,"""Three public receive strategy remain weight. Final write building instead purpose note yourself.
Event sometimes might sea. Dog bit head forget size. Economic rock energy party feeling himself.""","""Male"""
56,"""ngreen""","""Nathan""","""Mitchell""",30,4/28/23,1/8/03,1,0,"""deborah96@example.net""",1,"""Visit cut throughout white. Partner new after relationship. Bit think down.
Economy into her development former officer stuff. Idea ball threat far skill. Understand deal country will position.""","""Male"""
57,"""pedwards""","""Anthony""","""Miller""",65,4/27/23,12/29/78,1,0,"""christinagreen@example.com""",4,"""As woman middle team born economic. Anyone and gun serve compare table. Often huge pick human plan his baby.""","""Male"""
58,"""williamsjustin""","""Corey""","""Howard""",50,4/8/23,9/22/98,3,0,"""laura80@example.org""",1,"""Race wrong world kind kid admit. Remain impact bring way whole option section.
Eye my under what manage region around. Feel guess sister consumer standard.""","""Male"""
59,"""kelleycasey""","""Luis""","""Perez""",50,5/5/23,8/16/96,1,0,"""villanuevalisa@example.org""",1,"""Establish sense hear six political fall stock.
Knowledge art long explain threat work team. Whom off situation prove that sit reflect. According rule our center church these.""","""Female"""
60,"""heidi04""","""Jack""","""Wilson""",61,4/10/23,1/7/65,1,1,"""casey03@example.com""",1,"""Never church inside base maybe after stage sea. Draw customer visit specific upon color cell.
Might baby theory local until south. Camera election drop break. Appear second officer degree rule.""","""Female"""
61,"""justintorres""","""Bradley""","""Green""",54,4/30/23,1/8/84,3,0,"""mariohamilton@example.net""",1,"""Her learn raise strategy. Rock too music for.
Small laugh down pass risk smile page. Size feeling million mission plan.""","""Female"""
62,"""markstevenson""","""Scott""","""Smith""",44,4/16/23,6/16/79,3,1,"""coxcarl@example.com""",3,"""Surface industry prevent. Statement approach number pretty have somebody. Attorney weight important international never someone argue risk.
Want direction among build.""","""Female"""
63,"""danielpeterson""","""David""","""Davis""",31,4/16/23,6/13/77,3,1,"""spencereric@example.net""",2,"""Case class fill front space arrive. Whose spend everybody able party old economic. Common national plan base head outside. Girl ground rather remember.""","""Male"""
64,"""alanmitchell""","""Leslie""","""Davis""",34,4/25/23,10/4/67,1,1,"""fjordan@example.com""",4,"""East field represent simple allow way letter. Stuff describe interview build maybe.
Require view economy just.
We hospital sort find dinner. Actually address degree everybody article.""","""Female"""
65,"""gvillanueva""","""Kyle""","""Lewis""",38,4/8/23,1/28/76,1,0,"""howens@example.org""",4,"""Card friend between. Friend generation apply beat goal PM. Mother whether technology.
Minute left pretty last conference build. Daughter foreign recently difference. Cup even off around.""","""Female"""
66,"""crystal75""","""Daniel""","""Cline""",57,4/19/23,4/3/00,1,0,"""paulpeterson@example.com""",2,"""Rather amount agency nor rest such. Whole because worker tax. Child chance man thing.
Race second matter guess every their. Street artist threat bed trial partner.""","""Male"""
67,"""cainmarc""","""Tammy""","""Dillon""",50,4/29/23,2/14/74,1,1,"""zturner@example.com""",1,"""Push too cause those fall establish. Program education everybody. Personal service those image lay rest.
Eight blue couple. Officer another democratic film red. Listen game Congress exist hand.""","""Male"""
68,"""johnsonshawn""","""Betty""","""Spencer""",33,4/26/23,5/15/01,2,0,"""anthonysalinas@example.com""",4,"""Six future sort enter work. Former early pressure knowledge. Item we culture art with.
Purpose serve in their today. Accept lead score environmental everything state despite feel. Share eight piece.""","""Male"""
69,"""mcraig""","""Joshua""","""Reese""",52,4/15/23,6/1/97,2,0,"""langkayla@example.com""",3,"""Person or mean mind. Dream people behind without item political vote.
Population itself Mr. Actually within firm fine success. Could sister summer into.""","""Male"""
70,"""madelineleonard""","""John""","""Fletcher""",60,5/4/23,10/18/89,1,1,"""maurice37@example.com""",1,"""Firm you space late international. Carry attorney couple.
Race picture actually probably. Feel sometimes why building area detail never. Wrong clear tax yeah customer computer result.""","""Female"""
71,"""hmills""","""Tiffany""","""Jones""",24,4/14/23,8/25/58,3,0,"""evan47@example.net""",3,"""Determine pretty prove. Team stuff message hard physical field available.
Indeed cell leg my building. Site fine amount compare him same.
Top church brother. Few look relationship at social impact.""","""Male"""
72,"""tkey""","""Kelly""","""Long""",36,4/18/23,7/24/97,1,1,"""anneaguilar@example.org""",2,"""Somebody theory certain item. Their during deal final go ago street laugh. Recently star world around task sit look.
Word itself whatever stuff site.""","""Female"""
73,"""tracymeadows""","""Carla""","""Crawford""",61,4/17/23,4/19/98,2,1,"""vanessajones@example.org""",3,"""Television clear street condition. Clearly which Congress.
Section color ago military central care theory. Mention brother record without. Strong small mention here new change so.""","""Male"""
74,"""ybradley""","""Sheila""","""Lawrence""",21,5/5/23,9/26/93,3,1,"""cookdeborah@example.net""",3,"""Ability data home share anything within. Property matter particular act. Simply eat weight wish quite population behind.""","""Female"""
75,"""evanweber""","""Sean""","""Wu""",20,5/7/23,1/7/80,2,0,"""xsnyder@example.org""",3,"""Significant partner change. And lot happy size. Per make accept meet difficult arm.""","""Female"""
76,"""escobarrebecca""","""Kathryn""","""Scott""",28,4/14/23,12/7/76,2,1,"""devin46@example.com""",1,"""Some product cultural back fast. Probably foreign beyond necessary book see. Pull response court account know be.""","""Male"""
77,"""joannstewart""","""Emily""","""Miller""",25,5/5/23,1/18/80,3,0,"""zbrooks@example.org""",1,"""Matter source at kitchen. Effort number parent pull spend west.
On west western me experience. Born father spring always view. Camera station fund sort positive better case.""","""Male"""
78,"""millsstacy""","""Mark""","""Zamora""",41,4/19/23,6/25/96,3,0,"""stephen51@example.org""",4,"""Test throughout generation spend check after social arrive. Military try form beat.""","""Male"""
79,"""patricia31""","""Brittney""","""Stevens""",26,5/6/23,12/4/95,2,1,"""darin16@example.com""",1,"""Perform training rise involve. Others trouble our deal.
Baby grow year few not. Because matter team attack.""","""Male"""
80,"""scottburton""","""Luke""","""Friedman""",40,5/1/23,11/12/89,3,0,"""ortizdavid@example.org""",1,"""Specific product price open. Worker citizen score manage traditional little.
Country floor off mouth heart. House deep until feel.""","""Male"""
81,"""william23""","""Shannon""","""Jones""",40,4/13/23,10/21/75,3,1,"""manderson@example.com""",2,"""Action window wonder food alone. Sell radio him baby receive point center. Discussion direction interview black. Affect behind price soldier almost suddenly.""","""Male"""
82,"""jon28""","""Maria""","""Hamilton""",33,4/10/23,6/19/66,1,0,"""nelsonmatthew@example.org""",4,"""Three white focus early. Anyone actually back. Plant represent over security administration wait.
Out maintain tonight door when able he. Audience call attorney student range.""","""Male"""
83,"""morgancameron""","""Jamie""","""Diaz""",19,5/2/23,5/18/76,3,1,"""mjohnson@example.net""",4,"""Hold event type practice whatever eight serve. Strategy wide part. Wide include hear top car stock.
Why it image. Field past his attention material painting him show.""","""Female"""
84,"""martinezmichael""","""Mark""","""Webster""",60,4/10/23,10/22/68,3,0,"""arnoldmaria@example.net""",3,"""Mrs allow seek mouth city. Price customer hospital we him answer. Use real again break.
Leave produce small election ever worker. Prove exist thus. Close most consider season about story.""","""Female"""
85,"""serranobrittany""","""Bryan""","""Hunter""",28,4/12/23,6/30/74,3,0,"""maxrose@example.com""",4,"""Check information you rule. City scientist voice serve parent several.
Simple not decide hard center send toward. Member two somebody artist front cultural about.""","""Female"""
86,"""melanie20""","""Maria""","""Rubio""",20,4/10/23,6/7/80,2,0,"""ischmidt@example.com""",2,"""Doctor still finish fall consumer cold. Off simply study rule whole security me. Run position high final necessary middle.""","""Male"""
87,"""davidalvarado""","""Susan""","""White""",47,4/26/23,3/31/76,2,0,"""mirandajonathan@example.net""",2,"""Once along either weight after production. Enough director catch inside nothing. Argue manager of policy threat carry war. Attorney base fast agree ten over.""","""Female"""
88,"""bryanmarquez""","""Chelsea""","""Grimes""",19,4/16/23,11/7/96,1,1,"""ofreeman@example.com""",3,"""Rate nor choice low crime yeah.
Side office environmental less interest shake. Series thank manage produce these senior. Nice sound difficult.""","""Male"""
89,"""operez""","""Carrie""","""Ferguson""",35,4/10/23,3/23/60,1,1,"""josephwhitney@example.net""",3,"""Financial bag hair everything risk image. Offer top word current. Send bad end sign western family like.""","""Female"""
90,"""chelseypotter""","""Jennifer""","""Hernandez""",59,4/21/23,3/29/01,2,1,"""daniel46@example.com""",1,"""Lead western accept east situation a hospital. Leg decision agree short population there. Bring increase simply window test.""","""Male"""
91,"""tdelacruz""","""Stacey""","""Hays""",25,4/9/23,3/6/91,2,0,"""lmartinez@example.org""",3,"""Plan government fill image reach production church.
Each even ability into successful along include. Go hotel know second tough staff. Cost analysis spend herself for style.""","""Female"""
92,"""rayshane""","""Travis""","""Richardson""",20,5/4/23,3/5/95,3,1,"""jack37@example.org""",3,"""Politics always degree race account. Truth memory knowledge kitchen. Art past detail produce.
Training arm science. Mention reflect day argue follow suffer. Painting war stuff election.""","""Female"""
93,"""garcianicholas""","""Marisa""","""Cruz""",64,4/12/23,8/24/93,2,1,"""ronaldwilliams@example.org""",1,"""Third light ask rather. Final five century environmental. Find business experience religious model thousand food.
Born general body popular.""","""Male"""
94,"""christine45""","""Joseph""","""Adkins""",42,4/9/23,2/27/00,3,0,"""annesmith@example.net""",3,"""Property great resource mission enough anything. Worry laugh civil design. Some stock successful hot candidate team similar.
Tend even scientist able college. Car guy popular behind several.""","""Male"""
95,"""kara19""","""Brent""","""Summers""",20,4/15/23,11/1/58,2,0,"""jeffrey13@example.net""",2,"""Some mention animal other. Could performance speech alone. Real thank administration include. Art choose push.""","""Male"""
96,"""john38""","""Wanda""","""Jenkins""",41,4/24/23,6/29/88,1,1,"""gmorales@example.org""",3,"""Quickly development simply can group should war.
Tree free time high collection. Population cover firm risk. Evening week weight simple so rise.
Eye defense real decision director.""","""Male"""
97,"""jackie24""","""Kari""","""Daniels""",60,4/10/23,11/20/93,1,1,"""lparker@example.net""",3,"""Have early believe yourself reality girl risk. Fund feeling security leg. Clear return however himself no. Woman Republican seek.
Chance wide important class. Age rise employee production.""","""Female"""
98,"""ncarter""","""Jennifer""","""Oconnell""",60,4/24/23,9/9/82,2,1,"""marshallmichelle@example.org""",3,"""Simply value organization Democrat much artist there. Tough cup general store summer against with.
Which road company daughter amount provide newspaper. History religious different leave sea country.""","""Female"""
99,"""narroyo""","""Amber""","""Wilson""",53,5/3/23,1/31/95,1,1,"""scottstanley@example.com""",4,"""Task although see compare. Dog part first.
Professor left hot light upon. Including alone power detail weight north responsibility.
Goal five kitchen usually. Order kitchen standard blood.""","""Male"""
100,"""vmiller""","""Jacqueline""","""Sullivan""",61,4/14/23,11/28/76,1,1,"""kennethjackson@example.com""",4,"""Should safe sit star piece. Push news vote. White west cover avoid forget kind interest.
Control need station economy. Career way course bank. Defense lay avoid environment.""","""Male"""